bucket,bucket_midpoint,count,actual_rate,avg_implied_prob,calibration_error
0.0-0.1,0.05,0,,,
0.1-0.2,0.15000000000000002,4,0.0,0.1775,-0.1775
0.2-0.3,0.25,1,0.0,0.23,-0.23
0.3-0.4,0.35,2,0.5,0.355,0.145
0.4-0.5,0.45,5,0.8,0.43,0.37
0.5-0.6,0.55,3,0.6667,0.5433,0.1233
0.6-0.7,0.6499999999999999,2,0.5,0.685,-0.185
0.7-0.8,0.75,1,1.0,0.71,0.29
0.8-0.9,0.8500000000000001,7,0.7143,0.84,-0.1257
0.9-1.0,0.95,0,,,
